model,rmse,r2
Lasso,0.43324391618066094,-0.005837289254832179
