model,rmse,r2
Random Forest,0.1587027646280593,0.8650317020930801
