model,rmse,r2
Ridge,0.14516619470596817,0.8870740450776985
