model,rmse,r2
XGBoost,0.15616391000929658,0.8693154836497923
