model,rmse,r2
Linear Regression,0.15599920892217278,0.8695909958553526
